Term,es,nes,pval,fdr,geneset_size,matched_size,genes,ledge_genes
Spermatogenesis,-0.5394337488505124,-1.7477614394923295,0.001976284584980237,0.041030857917938285,135,40,HSPA2;PSMG1;RAD17;BRAF;CDK1;PEBP1;MAP7;GSTM3;NF2;TSN;TOPBP1;NCAPH;STAM2;RFC4;MTOR;IFT88;COIL;TALDO1;SIRT1;CLPB;IP6K1;KIF2C;PHKG2;TUBA3C;LPIN1;IDE;PRKAR2A;ZC3H14;GAPDHS;CSNK2A2;AGFG1;STRBP;HSPA4L;ALOX15;EZH2;ACE;VDAC3;SLC12A2;CLGN;HSPA1L,ZC3H14;GAPDHS;CSNK2A2;AGFG1;STRBP;HSPA4L;ALOX15;EZH2;ACE;VDAC3;SLC12A2;CLGN;HSPA1L
Cholesterol Homeostasis,-0.4844872967322379,-1.6432609728241976,0.008213552361396304,0.05968124788063751,74,45,ALCAM;FABP5;PLAUR;PMVK;ETHE1;ACTG1;ACAT2;S100A11;ECH1;MVD;TM7SF2;PCYT2;FBXO6;STX5;PDK3;CLU;FDPS;LGALS3;CTNNB1;ALDOC;CD9;LGMN;NSDHL;IDI1;GSTM2;ATXN2;HMGCS1;FASN;SQLE;ACSS2;PLSCR1;LSS;GNAI1;MVK;GPX8;ANXA5;DHCR7;HSD17B7;GUSB;FDFT1;CYP51A1;CHKA;JAG1;HMGCR;FADS2,HSD17B7;GUSB;FDFT1;CYP51A1;CHKA;JAG1;HMGCR;FADS2
Wnt-beta Catenin Signaling,-0.5848309507516831,-1.5367875958114434,0.025490196078431372,0.07716598847066802,42,16,NOTCH1;CUL1;FZD1;ADAM17;RBPJ;LEF1;HDAC5;HDAC2;DVL2;CTNNB1;NCSTN;NCOR2;NUMB;GNAI1;JAG1;DKK4,JAG1;DKK4
Hedgehog Signaling,-0.5399169078832704,-1.550877209099898,0.043209876543209874,0.09231943031536115,36,22,MYH9;VEGFA;RTN1;CRMP1;CELSR1;NF1;LDB1;NRCAM;PLG;TLE3;PML;DPYSL2;AMOT;OPHN1;CDK6;RASA1;TLE1;THY1;NRP2;NRP1;VLDLR;ADGRG1,VLDLR;ADGRG1
Apical Junction,0.39402073808602395,1.5615844575684583,0.003883495145631068,0.1730989839396919,200,125,CD34;TGFBI;CALB2;VCAN;VCL;MYL12B;FSCN1;PBX2;CLDN7;CRAT;MSN;MMP9;RRAS;MYL9;FLNC;MYH9;CNN2;ACTN4;CD99;YWHAH;TSC1;PECAM1;PTK2;SPEG;CDH6;ITGA2;ACTG1;CAP1;RSU1;THBS3;PARVA;JUP;FBN1;CNTN1;ITGB4;SIRPA;NF1;MVD;ADAM15;SRC;MMP2;INPPL1;VWF;NF2;BAIAP2;EGFR;HADH;NECTIN4;PLCG1;SGCE;NEXN;ADAM9;VAV2;AKT3;EXOC4;DLG1;SLIT2;SYMPK;SYK;SKAP2;DHX16;CTNND1;CTNNA1;TIAL1;LIMA1;PTPRC;NECTIN2;ACTN1;CDH11;ICAM2;LDLRAP1;ITGB1;GRB7;MAPK14;ARPC2;VASP;PIK3CB;GAMT;WASL;LAMC2;MYH10;FYB1;RASA1;ACTG2;ITGA9;SHC1;ICAM1;CDH3;SORBS3;IRS1;SHROOM2;LAMB3;ACTN2;AKT2;GNAI2;EPB41L2;MPP5;TUBG1;THY1;TJP1;RAC2;MPZL2;LAMA3;ARHGEF6;CDH1;GNAI1;STX4;GTF2F1;ITGA3;MAP3K20;VCAM1;PTEN;PFN1;IKBKG;PCDH1;ACTB;B4GALT1;EVL;ZYX;MAPK13;MAP4K2;TAOK2;MDK;MPZL1;CD276,CD34;TGFBI;CALB2;VCAN;VCL;MYL12B;FSCN1;PBX2;CLDN7;CRAT;MSN;MMP9;RRAS;MYL9;FLNC;MYH9;CNN2;ACTN4;CD99;YWHAH;TSC1
Pperoxisome,0.407855611663596,1.457085278511798,0.0421455938697318,0.19546869878728285,104,70,ALDH1A1;TTR;SOD2;SOD1;CRAT;ISOC1;HSD11B2;PEX6;SLC27A2;EPHX2;EHHADH;YWHAH;CDK7;HSD17B4;NUDT19;ABCD3;LONP2;HSD17B11;ACSL1;ERCC3;CTBP1;PEX5;ECH1;CAT;RETSAT;PABPC1;SIAH1;TSPO;SEMA3C;SMARCC1;MSH2;GSTK1;MVP;DHRS3;PRDX1;ACSL4;ACOX1;PRDX5;ECI2;CNBP;ACAA1;TOP2A;FDPS;ATXN1;ALB;ACOT8;ALDH9A1;MLYCD;VPS4B;CRABP2;SERPINA6;SLC25A4;SLC25A19;IDI1;ABCD1;ERCC1;CTPS1;IDE;SLC35B2;RDH11;ACSL5;GNPAT;PEX14;SCP2;IDH1;HMGCL;FIS1;BCL10;IDH2;CADM1,ALDH1A1;TTR;SOD2;SOD1;CRAT;ISOC1;HSD11B2;PEX6;SLC27A2;EPHX2;EHHADH;YWHAH;CDK7;HSD17B4
Epithelial Mesenchymal Transition,0.37296642552184456,1.4754958392258481,0.01639344262295082,0.23044357041407187,200,138,TGFBI;VCAN;CD59;LGALS1;FBLN1;COL6A2;CTHRC1;SDC1;CD44;SFRP4;TNC;SGCD;CALU;COL1A1;POSTN;WNT5A;NNMT;GPC1;PVR;BASP1;PPIB;COL3A1;EFEMP2;MYL9;COL1A2;MYLK;FBLN5;COL6A3;VEGFA;QSOX1;PLAUR;SGCB;CDH6;NOTCH2;PRSS2;MXRA5;TGFB1;ITGA2;IGFBP2;FBN1;CALD1;TIMP1;SPARC;CAPG;DST;PLOD2;ELN;LAMA2;PFN2;HTRA1;FLNA;SERPINH1;DCN;FN1;MMP2;LOXL2;GPX7;CXCL12;MCM7;COPA;FAP;FERMT2;LAMC1;PLOD1;SLIT2;TPM4;ITGA5;VIM;ECM1;BGN;PRRX1;SNTB1;P3H1;MFAP5;CAP2;FUCA1;COL4A2;PDGFRB;SPP1;CDH11;ITGB1;COL5A1;COMP;TIMP3;ANPEP;DAB2;RHOB;COLGALT1;PLOD3;LAMC2;FMOD;LRP1;DPYSL3;COL7A1;TAGLN;IGFBP4;COL4A1;PCOLCE;ITGB5;THBS1;FGF2;SFRP1;FAS;THY1;THBS2;FSTL1;LAMA3;MSX1;ITGAV;TNFAIP3;NID2;MMP14;LUM;SDC4;SLIT3;VCAM1;ABI3BP;IGFBP3;COL12A1;MGP;WIPF1;TGM2;TPM2;FBLN2;ITGB3;LAMA1;GJA1;ACTA2;MATN2;FBN2;NT5E;PDLIM4;CDH2;COL5A2;ENO2;CADM1;SERPINE2;TPM1,TGFBI;VCAN;CD59;LGALS1;FBLN1;COL6A2;CTHRC1;SDC1;CD44;SFRP4;TNC;SGCD;CALU;COL1A1;POSTN;WNT5A;NNMT;GPC1;PVR;BASP1;PPIB;COL3A1;EFEMP2;MYL9;COL1A2;MYLK;FBLN5;COL6A3;VEGFA;QSOX1
Reactive Oxygen Species Pathway,0.4757408274564193,1.5673190324087767,0.022222222222222223,0.3270239265814487,49,43,SOD2;SOD1;PRDX4;HMOX2;NDUFB4;OXSR1;MPO;G6PD;TXN;JUNB;TXNRD2;PRDX6;LAMTOR5;PDLIM1;PFKP;GLRX;GPX3;NDUFA6;CAT;MGST1;PRDX2;GCLC;PRDX1;ERCC2;GSR;NQO1;GPX4;LSP1;FTL;MSRA;ATOX1;MBP;STK25;FES;TXNRD1;SELENOS;PTPA;NDUFS2;SCAF4;SRXN1;ABCC1;GCLM;PRNP,SOD2;SOD1;PRDX4;HMOX2;NDUFB4;OXSR1;MPO;G6PD;TXN;JUNB;TXNRD2;PRDX6;LAMTOR5;PDLIM1
Complement,0.33359510194675807,1.3325185125003565,0.023668639053254437,0.3766633890527695,200,132,CD59;GNAI3;CTSC;CTSH;CTSS;LAMP2;AKAP10;PPP4C;MMP8;F3;PLA2G4A;F5;SERPING1;TIMP2;CA2;GMFB;LYN;DPP4;PSMB9;C9;PLAUR;APOC1;PDP1;LAP3;C1S;S100A9;CASP3;HSPA5;C2;CSRP1;TIMP1;RBSN;LIPA;KYNU;CTSD;CPM;F2;DOCK9;ITGAM;CTSL;ANG;GPD2;GNG2;FN1;SRC;S100A12;XPNPEP1;RAF1;PREP;IRF2;C3;GRB2;CFH;PRKCD;MMP12;FDX1;ADAM9;CASP9;C4BPB;DOCK4;PLG;PRCP;CDA;APOBEC3G;DOCK10;HSPA1A;ITIH1;LTF;CLU;RHOG;SERPINA1;USP14;CD55;CD46;COL4A2;APOA4;LTA4H;SIRT6;F10;CASP1;PPP2CB;CP;LGALS3;ATOX1;USP15;CASP4;WAS;GZMA;SERPINC1;LGMN;C1QA;C1R;PLAT;KLKB1;CTSV;LRP1;FCN1;USP8;VCPIP1;CPQ;CDH13;KIF2A;GNB2;GNB4;CFB;ACTN2;DGKH;GNAI2;FCER1G;USP16;CASP10;GCA;PLSCR1;S100A13;RABIF;ERAP2;CEBPB;TNFAIP3;STX4;CASP7;EHD1;MMP14;ZEB1;PIK3CA;ME1;PFN1;PLEK;CTSB;ANXA5;CBLB;C1QC;LCP2,CD59;GNAI3;CTSC;CTSH;CTSS;LAMP2;AKAP10;PPP4C;MMP8;F3;PLA2G4A;F5;SERPING1;TIMP2;CA2;GMFB;LYN;DPP4;PSMB9;C9;PLAUR;APOC1;PDP1;LAP3
Fatty Acid Metabolism,0.3276044420992086,1.2719281046054953,0.09980806142034548,0.39854614412136535,158,115,ALDH1A1;HPGD;PCBD1;LGALS1;ALDH3A1;D2HGDH;SMS;S100A10;CRAT;CRYZ;EHHADH;VNN1;DECR1;ALDOA;CA2;YWHAH;HSD17B4;HSD17B10;DLD;FH;PRDX6;HADHB;HSD17B11;CCDC58;ACAT2;ACSS1;PDHA1;ACSL1;BLVRA;IDH3G;GSTZ1;PTS;ADSL;HIBCH;UBE2L6;ECH1;UGDH;GPD2;ACO2;RETSAT;CPT2;ALAD;LDHA;HADH;ALDH3A2;BCKDHB;SUCLG2;RAP1GDS1;MCEE;MDH2;PDHB;APEX1;ACSL4;HCCS;CPT1A;ADH1C;ACOX1;GCDH;ECI2;CBR3;SUCLA2;ECI1;ACADS;NBN;ACAA1;UROS;METAP1;PTPRG;HSPH1;CBR1;IDH3B;ETFDH;AUH;ACOT8;ALDH9A1;MLYCD;ACADM;MAOA;DLST;EPHX1;ACADVL;NSDHL;IDI1;PSME1;HMGCS1;FASN;ACSM3;RDH11;GRHPR;SDHA;CPOX;BPHL;UROD;ACSL5;HSDL2;ERP29;ACAA2;GAPDHS;NTHL1;HSP90AA1;AOC3;SUCLG1;ME1;ECHS1;IDH1;HMGCL;MDH1;MIF;OSTC;MGLL;ENO3;HSD17B7;ENO2;IL4I1;GLUL,ALDH1A1;HPGD;PCBD1;LGALS1;ALDH3A1;D2HGDH;SMS;S100A10;CRAT;CRYZ;EHHADH;VNN1;DECR1;ALDOA;CA2;YWHAH;HSD17B4;HSD17B10;DLD;FH;PRDX6
Androgen Response,0.3662152318975598,1.290979277602285,0.10211946050096339,0.41099912596962745,100,66,HPGD;GNAI3;MYL12A;SMS;ABCC4;AKT1;AKAP12;NDRG1;PGM3;B2M;SRP19;RAB4A;SPCS3;PDLIM5;TSC22D1;SELENOP;SEC24D;LMAN1;UBE2J1;NGLY1;UBE2I;GPD1L;DBI;MAP7;XRCC5;STK39;DNAJB9;CAMKK2;RRP12;IQGAP2;ARID5B;GSR;SLC38A2;GUCY1A1;VAPA;ACTN1;ADRM1;AZGP1;RPS6KA3;ZBTB10;PTK2B;SORD;NCOA4;TPD52;PA2G4;CDK6;IDI1;TNFAIP8;FKBP5;INPP4B;ACSL3;KRT19;HMGCS1;XRCC6;ZMIZ1;UAP1;ITGAV;HOMER2;PIAS1;SLC26A2;B4GALT1;ALDH1A3;SRF;KRT8;ADAMTS1;HMGCR,HPGD;GNAI3;MYL12A;SMS;ABCC4;AKT1;AKAP12;NDRG1;PGM3;B2M;SRP19;RAB4A;SPCS3;PDLIM5;TSC22D1;SELENOP
KRAS Signaling Dn,-0.38849961906713326,-1.2512794131940959,0.15689981096408318,0.524075957951848,200,36,MTHFR;HSD11B2;COQ8A;IDUA;PDK2;SELENOP;KRT1;ITIH3;CAMK1D;IGFBP2;COL2A1;KRT4;CDKAL1;COPZ2;NRIP2;PRODH;DTNB;SYNPO;AKR1B10;VPS50;GTF3C5;GAMT;C5;CALML5;SPHK2;EFHD1;TGFB2;SPTBN2;FGGY;KRT13;CELSR2;KMT2D;MX1;PRKN;PTPRJ;KRT5,KRT13;CELSR2;KMT2D;MX1;PRKN;PTPRJ;KRT5
Allograft Rejection,0.319844558877277,1.177015089594131,0.17938144329896907,0.6051806784660767,200,77,RPS9;CTSS;AKT1;MMP9;PSMB10;TAP2;B2M;GLMN;HLA-DMA;LYN;HLA-DMB;TLR3;IKBKB;EIF3J;KRT1;STAT1;ABCE1;TGFB1;C2;NME1;TIMP1;CAPG;HLA-DRA;F2;EIF5A;TAP1;BCL3;FLNA;CSK;PTPN6;EGFR;GBP2;ZAP70;ITGB2;UBE2N;ABI1;CD74;RPS3A;MRPL3;CFP;RPL9;HCLS1;NPM1;MAP3K7;MTIF2;PTPRC;PRKCB;NCK1;WAS;GZMA;EIF3D;RPS19;APBB1;HLA-E;ELANE;TPD52;FYB1;EIF3A;ICAM1;EIF4G3;NCF4;RIPK2;TRAF2;FAS;THY1;TGFB2;CD47;IL16;BCAT1;STAB1;ITGAL;IL18;HLA-A;TAPBP;BCL10;GALNT1;LCP2,RPS9;CTSS;AKT1;MMP9;PSMB10;TAP2;B2M;GLMN;HLA-DMA;LYN;HLA-DMB;TLR3;IKBKB;EIF3J;KRT1;STAT1;ABCE1;TGFB1;C2;NME1;TIMP1
IL-6/JAK/STAT3 Signaling,0.38240169939261986,1.0969783637772546,0.33399602385685884,0.6198718999235223,87,24,CD44;BAK1;IRF9;PTPN2;STAT1;STAT3;TGFB1;MYD88;GRB2;STAM2;HAX1;A2M;TYK2;HMOX1;ITGA4;PTPN11;CD9;CBL;STAT2;PTPN1;FAS;LTBR;ITGB3;CD14,CD44;BAK1;IRF9;PTPN2;STAT1;STAT3;TGFB1
Bile Acid Metabolism,0.3368596737773547,1.151642028021443,0.23640167364016737,0.621025893149787,112,51,ALDH1A1;TTR;SOD1;ISOC1;AMACR;GC;PEX6;SLC27A2;EPHX2;HSD17B4;CROT;ABCD3;LONP2;HSD17B11;AR;CYP27A1;PEX1;ACSL1;APOA1;NUDT12;PNPLA8;CAT;PHYH;PEX19;RETSAT;FDXR;RXRA;GSTK1;NPC1;PRDX5;PFKM;ATXN1;RBP1;ALDH9A1;MLYCD;SERPINA6;IDI1;ABCD1;SLC35B2;NEDD4;ACSL5;GNPAT;SCP2;IDH1;BCAR3;PECR;OPTN;GCLM;HACL1;IDH2;FADS2,ALDH1A1;TTR;SOD1;ISOC1;AMACR;GC;PEX6;SLC27A2;EPHX2
Protein Secretion,0.29835910415324424,1.112235245282859,0.2722117202268431,0.6266425315097881,96,84,CTSC;SOD1;LAMP2;ARFGEF1;CLN5;VAMP3;GLA;ANP32E;GOSR2;RAB14;GNAS;RAB9A;AP2M1;ICA1;ARFGEF2;GALC;RER1;SEC24D;LMAN1;ZW10;AP3B1;SCAMP1;SCAMP3;DST;SEC31A;VPS45;CLCN3;STX16;TMED10;M6PR;STX12;YKT6;ERGIC3;AP2B1;EGFR;STX7;ARCN1;CLTC;PAM;KIF1B;ATP1A1;ATP6V1H;ADAM10;CLTA;DNM1L;SEC22B;SCRN1;YIPF6;VAMP7;COPB2;USO1;AP3S1;TSG101;TOM1L1;PPT1;STAM;MAPK1;VPS4B;GOLGA4;RPS6KA3;RAB2A;IGF2R;COG2;COPB1;TPD52;OCRL;ATP7A;SNX2;RAB22A;MON2;RAB5A;NAPG;AP2S1;GBF1;ARFIP1;COPE;TMX1;NAPA;SNAP23;AP1G1;ARFGAP3;TMED2;KRT18;CD63,CTSC;SOD1;LAMP2;ARFGEF1;CLN5;VAMP3;GLA;ANP32E;GOSR2;RAB14;GNAS;RAB9A;AP2M1;ICA1;ARFGEF2;GALC;RER1;SEC24D;LMAN1;ZW10;AP3B1;SCAMP1;SCAMP3;DST;SEC31A;VPS45;CLCN3;STX16;TMED10
Glycolysis,0.25917400215072445,1.0195474640699407,0.4297029702970297,0.671690634218289,200,131,TGFBI;VCAN;SDC1;CD44;SOD1;ISG20;FKBP4;CAPN5;RPE;GPC1;IDUA;VEGFA;QSOX1;ALDOA;CLDN3;ERO1A;GYS1;G6PD;TXN;AK4;GMPPB;POLR3K;DLD;AK3;CYB5A;ALG1;TSTA3;GLCE;ABCB6;GALK1;HSPA5;NOL3;ANKZF1;PFKP;PKM;GLRX;DSC2;CDK1;PLOD2;GMPPA;MET;FUT8;PSMC4;GNPDA1;ANG;DCN;CHPF;SAP30;EGFR;LDHA;HAX1;MDH2;PAM;STC1;GCLC;PPIA;PAXIP1;P4HA2;PDK3;PHKA2;PLOD1;TPI1;PGK1;PC;UGP2;HDLBP;TALDO1;COPB2;AGL;LHPP;FAM162A;ARPP19;BPNT1;PPP2CB;NDUFV3;RBCK1;PYGL;COL5A1;ALDH9A1;CTH;NANP;HK2;GNE;NASP;GOT2;DPYSL4;P4HA1;MED24;PGLS;COG2;NSDHL;PGAM1;PGM2;PRPS1;KIF2A;STMN1;MPI;AKR1A1;ME2;SLC16A3;PMM2;CASP6;PKP2;GPC4;PYGB;GFPT1;GAPDHS;GOT1;ZNF292;GALE;ME1;IDH1;IGFBP3;HS2ST1;ENO1;MDH1;AGRN;B4GALT1;MIF;SLC25A10;B3GAT3;ALDH7A1;TPBG;NT5E;GUSB;GALK2;SLC25A13;B4GALT4;ENO2;VLDLR;TFF3,TGFBI;VCAN;SDC1;CD44;SOD1;ISG20;FKBP4;CAPN5;RPE;GPC1;IDUA;VEGFA;QSOX1;ALDOA;CLDN3;ERO1A;GYS1;G6PD;TXN;AK4;GMPPB;POLR3K;DLD;AK3;CYB5A;ALG1;TSTA3;GLCE;ABCB6;GALK1;HSPA5;NOL3;ANKZF1
Estrogen Response Late,-0.28267542325325185,-1.0837714277111934,0.3034623217922607,0.6739318413021363,200,96,CKB;CD44;AGR2;ITPK1;ISG20;FKBP4;FABP5;PRSS23;NXT1;SLC27A2;GLA;SERPINA3;JAK1;PGR;CA2;BAG1;DCXR;TSTA3;S100A9;SLC9A3R1;DNAJC1;FARP1;MYOF;ETFB;UGDH;PDCD4;CA12;PTPN6;MAPT;IMPA2;LLGL2;COX6C;FLNB;ALDH3A2;CXCL12;ASS1;KLK11;MOCS2;ARL3;HPRT1;RABEP1;DYNLT3;ALDH3B1;LTF;METTL3;HSPB8;FRK;UNC13B;SERPINA1;TOP2A;WFS1;SLC16A1;RNASEH2A;ATP2B4;ADD3;CD9;LSR;SORD;DLG5;TPD52L1;LAMC2;NCOR2;FKBP5;KRT19;IGFBP4;PDLIM3;PLXNB1;BLVRB;PPIF;PKP3;PRKAR2B;SCARB1;PAPSS2;CAV1;NAB2;HOMER2;CDH1;KRT13;SLC26A2;GALE;CELSR2;ST14;HSPA4L;DHCR7;PCP4;CLIC3;SERPINA5;MAPK13;TST;MDK;IDH2;TJP3;TPBG;FDFT1;TFF3;SFN,KRT13;SLC26A2;GALE;CELSR2;ST14;HSPA4L;DHCR7;PCP4;CLIC3;SERPINA5;MAPK13;TST;MDK;IDH2;TJP3;TPBG;FDFT1;TFF3;SFN
Myogenesis,0.2663098040816306,1.003359780020095,0.4311023622047244,0.6774827925270404,200,98,SOD3;CKB;COL6A2;EPHB3;MYH11;SGCD;COL1A1;CRAT;COL3A1;GAA;MYH9;MYLK;NOTCH1;COL6A3;DES;BAG1;NAV2;LDB3;SPEG;PLXNB2;TGFB1;FABP3;FHL1;GABARAPL2;RIT1;SPARC;ITGB4;GPX3;ACSL1;LAMA2;SIRT2;DMD;APOD;KLF5;MYO1C;SYNGR2;EIF4A2;PDLIM7;CKMT2;FLII;AK1;TSC2;PC;SPTAN1;AEBP1;HDAC5;CRYAB;CLU;HSPB8;CFD;AGL;PFKM;NQO1;LSP1;COL4A2;FDPS;GSN;ITGB1;ITGA7;SVIL;GNAO1;MEF2D;NCAM1;PDE4DIP;TPD52L1;MYL3;PICK1;SORBS3;CDH13;TAGLN;WWTR1;LPIN1;ACTN2;MYL6B;AKT2;ITGB5;FGF2;MAPRE3;APP;SH2B1;CNN3;PTGIS;ATP6AP1;COL15A1;ABLIM1;SORBS1;PYGM;IGFBP3;AGRN;TPM2;DTNA;RB1;PRNP;BIN1;ENO3;IGFBP7;SMTN;TPM3,SOD3;CKB;COL6A2;EPHB3;MYH11;SGCD;COL1A1;CRAT;COL3A1;GAA;MYH9;MYLK;NOTCH1;COL6A3;DES;BAG1;NAV2;LDB3;SPEG
Unfolded Protein Response,-0.32073510974498554,-1.1763458386286871,0.1723404255319149,0.685868090878264,113,83,WIPI1;TUBB2A;VEGFA;XPOT;ERO1A;SPCS3;SSR1;YWHAZ;GOSR2;NHP2;EIF4A3;HERPUD1;HSP90B1;HSPA5;DDX10;NOP14;PDIA6;SEC31A;KHSRP;DNAJA4;TTC37;KIF5B;EEF2;EIF2S1;PSAT1;CXXC1;BAG3;PREB;PDIA5;EIF4A2;CNOT2;EIF4EBP1;DNAJB9;PARN;DCP2;LSM4;IFIT1;EXOC2;CALR;DCTN1;DKC1;RPS14;NPM1;EDC4;SRPRB;CNOT4;DCP1A;WFS1;NFYB;EIF4E;EXOSC2;EXOSC10;SRPRA;BANF1;SHC1;HSPA9;NOP56;IMP3;MTHFD2;EIF4A1;MTREX;ATP6V0D1;RRP9;GEMIN4;EIF4G1;EXOSC4;EXOSC9;FKBP14;CEBPB;FUS;ARFGAP1;SEC11A;HYOU1;PAIP1;SDAD1;DNAJC3;NOLC1;ASNS;LSM1;EXOSC1;EXOSC5;ALDH18A1;NFYA,ATP6V0D1;RRP9;GEMIN4;EIF4G1;EXOSC4;EXOSC9;FKBP14;CEBPB;FUS;ARFGAP1;SEC11A;HYOU1;PAIP1;SDAD1;DNAJC3;NOLC1;ASNS;LSM1;EXOSC1;EXOSC5;ALDH18A1;NFYA
Coagulation,0.29396439726819423,1.112703296010405,0.2191780821917808,0.6872828580793182,138,100,CTSH;PLAU;ANXA1;LAMP2;MMP10;MMP8;F3;GNG12;CAPN5;MMP9;PRSS23;SERPING1;RAC1;DPP4;C9;APOC1;PECAM1;C1S;ITGA2;C2;CSRP1;FBN1;TIMP1;TF;SPARC;CTSK;PROS1;F2;F12;APOA1;SIRT2;HTRA1;ANG;FN1;MMP2;VWF;WDR1;PREP;CPB2;C3;ISCU;C8G;CFH;GDA;ADAM9;A2M;CASP9;LEFTY2;CAPN2;PLG;ITIH1;CLU;C8A;CFD;APOC3;SERPINA1;MMP11;LTA4H;F10;GSN;ARF4;USP11;COMP;TIMP3;FGA;C8B;PROC;MSRB2;CD9;SERPINC1;LGMN;C1QA;C1R;PLAT;KLKB1;CTSV;LRP1;CPQ;GNB2;F11;CFI;CFB;THBS1;F13B;PROZ;APOC2;S100A13;HRG;RABIF;MMP14;F9;PLEK;CTSB;CRIP2;RGN;FGG;MST1;ITGB3;PEF1;MMP7,CTSH;PLAU;ANXA1;LAMP2;MMP10;MMP8;F3;GNG12;CAPN5;MMP9;PRSS23;SERPING1;RAC1;DPP4;C9;APOC1;PECAM1
Myc Targets V1,0.24446897193232367,1.0219163687703015,0.3972055888223553,0.7095105429913691,200,189,USP1;LSM7;PSMB3;SNRPD1;CYC1;PRDX4;HNRNPA2B1;ORC2;SRSF3;TCP1;COX5A;PSMB2;PSMA7;HNRNPU;HNRNPC;XPOT;TARDBP;EIF2S2;RACK1;CCT5;NHP2;HSPE1;HDDC2;SET;CUL1;EIF3J;TUFM;RPL22;EEF1B2;TXNL4A;ABCE1;GNL3;RAD23B;CAD;PSMA2;ACP1;NME1;RAN;RPS2;KPNB1;ERH;CCT3;YWHAQ;AIMP2;PSMC6;SRM;HNRNPR;PSMD14;RPLP0;PSMA6;UBE2L3;LSM2;RPL34;CCT7;HNRNPA3;PSMD7;PSMC4;DDX18;RRM1;SRSF1;PSMD8;EIF2S1;RPS5;CCT2;CDK2;CDK4;MRPL9;PABPC1;LDHA;PHB2;DEK;TOMM70;SERBP1;SNRPD3;RPS3;SRSF7;RSL1D1;RANBP1;MCM2;XPO1;SNRPB2;CCT4;SMARCC1;HNRNPA1;EXOSC7;RPS10;MCM7;PSMA1;HNRNPD;HPRT1;NCBP1;FAM120A;PPIA;PABPC4;SNRPA1;RFC4;APEX1;SLC25A3;SNRPG;MAD2L1;EIF4H;IMPDH2;ETF1;RUVBL2;PGK1;EIF4G2;MCM4;PRPF31;PRPS2;YWHAE;CNBP;HDAC2;PSMD3;NPM1;EIF1AX;POLE3;NAP1L1;GSPT1;NDUFAB1;AP3S1;PCBP1;VBP1;UBA2;SSBP1;SNRPD2;TRIM28;RNPS1;EIF4E;PSMD1;SF3A1;NOP16;DUT;MCM6;PHB;SRSF2;CANX;G3BP1;EIF3D;GOT2;FBL;ILF2;HSPD1;SF3B3;SSB;PPM1G;PWP1;PSMA4;RPL14;CSTF2;SYNCRIP;PA2G4;TFDP1;NOP56;CTPS1;MCM5;DHX15;SNRPA;CBX3;CLNS1A;CCNA2;EIF3B;XRCC6;COPS5;EIF4A1;NCBP2;GLO1;RRP9;PTGES3;BUB3;RPL6;POLD2;HDGF;DDX21;RPS6;HSP90AB1;PCNA;PRDX3;SRPK1;TRA2B;NOLC1;KPNA2;MRPL23;MRPS18B;VDAC1;RPL18;C1QBP;VDAC3;UBE2E1;STARD7,USP1;LSM7;PSMB3;SNRPD1;CYC1;PRDX4;HNRNPA2B1;ORC2;SRSF3;TCP1;COX5A;PSMB2;PSMA7;HNRNPU;HNRNPC;XPOT;TARDBP;EIF2S2;RACK1;CCT5;NHP2;HSPE1;HDDC2;SET;CUL1;EIF3J;TUFM;RPL22;EEF1B2;TXNL4A;ABCE1;GNL3;RAD23B;CAD;PSMA2;ACP1;NME1;RAN;RPS2;KPNB1;ERH;CCT3;YWHAQ;AIMP2;PSMC6;SRM;HNRNPR;PSMD14;RPLP0;PSMA6
KRAS Signaling Up,0.2693078329402961,0.97718704259317,0.5038610038610039,0.7106231108197677,200,79,RBP4;PLAU;CTSS;MMP10;RBM4;MMP9;AKAP12;F13A1;SERPINA3;CA2;ST6GAL1;ERO1A;PLAUR;PECAM1;SDCCAG8;CROT;LCP1;ANO1;CFHR2;ITGA2;RETN;JUP;GLRX;RABGAP1L;VWA5A;ADAM17;APOD;MAP7;STRN;FBXO4;CFH;GALNT3;PPBP;ITGB2;TOR1AIP2;PSMB8;BPGM;PLVAP;PRRX1;DOCK2;WDR33;MMP11;FUCA1;EPB41L3;GUCY1A1;SPP1;CBX8;CBL;CBR4;PLAT;IL33;CFB;SPON1;GYPC;EPHB2;AKT2;FCER1G;GPNMB;PTBP2;NRP1;SLPI;MPZL2;TNFAIP3;EVI5;AVL9;IGFBP3;SPARCL1;PCP4;PIGR;ALDH1A3;DNMBP;ALDH1A2;IGF2;ENG;DCBLD2;CAB39L;ACE;GNG11;HKDC1,RBP4;PLAU;CTSS;MMP10;RBM4;MMP9;AKAP12;F13A1;SERPINA3;CA2;ST6GAL1;ERO1A;PLAUR;PECAM1;SDCCAG8;CROT;LCP1;ANO1;CFHR2;ITGA2
Hypoxia,0.2735522484933788,1.0350173914778074,0.37250996015936255,0.7181895865524184,200,101,TGFBI;SELENBP1;F3;ISG20;PLIN2;GPC1;AKAP12;NDRG1;GAA;TES;MYH9;VEGFA;ALDOA;GAPDH;ERO1A;GYS1;PLAUR;AK4;PFKL;AMPD3;GALK1;HSPA5;ANKZF1;KDM3A;HEXA;PFKP;GLRX;CSRP2;SLC2A1;S100A4;DCN;GPI;RBPJ;CA12;XPNPEP1;SAP30;EGFR;LDHA;PDK1;PAM;STC1;P4HA2;PRKCA;PDK3;TPI1;PGK1;FBP1;FOXO3;UGP2;HMOX1;PRDX5;HDLBP;NEDD4L;BGN;ANXA2;CAVIN1;FAM162A;CP;CDKN1B;COL5A1;ILVBL;ALDOC;HK2;DPYSL4;PGM1;P4HA1;TPD52;JMJD6;GBE1;NAGK;PGM2;SRPX;ATP7A;HK1;STBD1;SCARB1;GRHPR;CASP6;CAV1;FOSL2;GPC4;TNFAIP3;GAPDHS;SLC25A1;NR3C1;SDC4;ZNF292;PYGM;PFKFB3;IGFBP3;SLC2A3;ENO1;CAVIN3;TGM2;MIF;DTNA;LXN;ENO3;TPBG;ENO2;VLDLR,TGFBI;SELENBP1;F3;ISG20;PLIN2;GPC1;AKAP12;NDRG1;GAA;TES;MYH9;VEGFA;ALDOA;GAPDH;ERO1A;GYS1;PLAUR;AK4;PFKL;AMPD3;GALK1;HSPA5;ANKZF1;KDM3A;HEXA;PFKP;GLRX;CSRP2
p53 Pathway,-0.28679071764195435,-1.0917854816169994,0.285140562248996,0.7189725330620549,200,99,SDC1;IFI30;ABAT;S100A10;BAK1;CD82;DNTTIP2;KRT17;NDRG1;COQ8A;PHLDA3;NOTCH1;RACK1;TSC22D1;DCXR;HEXIM1;PLXNB2;TGFB1;ELP1;RRAD;RPS12;GM2A;ITGB4;CTSD;DDB2;TAP1;VWA5A;PTPN14;STOM;CYFIP2;S100A4;PROCR;RETSAT;EPS8L2;BAIAP2;FDXR;PRKAB1;ISCU;CD81;TRAFD1;PRMT2;KIF13B;RXRA;AK1;UPP1;FOXO3;HMOX1;PMM1;LDHB;ERCC5;CTSF;ZFP36L1;FUCA1;CCNK;FAM162A;CASP1;RRP8;APAF1;EPHX1;TAX1BP3;CDKN2AIP;RAP2B;TPD52L1;PTPRE;BAX;CDH13;XPC;SP1;STEAP3;IRAK1;FAS;TRIAP1;APP;RPL36;DEF6;EI24;NOL8;HDAC3;ADA;HINT1;PCNA;VAMP8;TXNIP;RCHY1;ST14;HSPA4L;MAPKAPK3;DGKA;SEC61A1;RB1;PITPNC1;RPL18;SERPINB5;RHBDF2;TRAF4;SLC3A2;NUDT15;TPRKB;SFN,HINT1;PCNA;VAMP8;TXNIP;RCHY1;ST14;HSPA4L;MAPKAPK3;DGKA;SEC61A1;RB1;PITPNC1;RPL18;SERPINB5;RHBDF2;TRAF4;SLC3A2;NUDT15;TPRKB;SFN
Oxidative Phosphorylation,0.25808767632211443,1.043274369116421,0.3575418994413408,0.7450835791543756,200,173,CYC1;COX6A1;MRPS30;SURF1;UQCRB;NDUFB5;NDUFB8;UQCR10;NDUFB3;HTRA2;NDUFB4;MGST3;NDUFA8;COX5A;UQCRQ;NDUFC2;DECR1;UQCRH;COX5B;TIMM50;COX4I1;ATP1B1;ACADSB;ATP5ME;SLC25A12;NDUFV2;ATP5F1A;PDP1;HSD17B10;NDUFA2;DLD;FH;NDUFS8;CYB5A;NDUFA4;ATP5F1D;NDUFB1;ATP6V1D;NDUFS6;ATP5F1C;HADHB;SLC25A20;ACAT1;ATP5PF;COX7B;MTRR;PDHA1;IDH3G;UQCRC2;IDH3A;UQCRFS1;ETFB;NDUFA6;IMMT;ECH1;ATP5PO;UQCRC1;PHYH;CS;ALDH6A1;NDUFA9;NDUFB6;MRPS11;ACO2;GPI;RETSAT;ETFA;TIMM10;NDUFS4;POR;MRPS15;LDHA;PHB2;ISCU;TOMM70;COX6C;PMPCA;NDUFA3;ATP5PB;HADHA;FDX1;ATP5PD;NDUFS3;MDH2;ATP6V1C1;MRPL15;PDHB;SLC25A3;ATP6V1H;NDUFS1;HCCS;CPT1A;ATP5F1B;COX8A;CYCS;SDHB;SUCLA2;CYB5R3;ECI1;LDHB;MRPS22;COX7A2L;OGDH;ACAA1;GPX4;NDUFAB1;MRPS12;RHOT1;NDUFA5;DLAT;GLUD1;IDH3B;ETFDH;ACADM;RHOT2;DLST;BDH2;ACADVL;GOT2;ATP6V1F;COX7C;GRPEL1;SLC25A11;NDUFS2;SLC25A4;ATP6V1G1;BCKDHA;TIMM9;ATP5MG;MFN2;SUPV3L1;NDUFB7;COX6B1;HSPA9;BAX;TIMM13;MAOB;OPA1;ABCB7;NDUFV1;MTX2;SDHA;NDUFA7;TCIRG1;AFG3L2;LRPPRC;ATP6AP1;NQO2;ACAA2;COX17;CASP7;NDUFS7;TOMM22;SUCLG1;ECHS1;IDH1;PRDX3;FXN;NNT;SLC25A6;SLC25A5;MDH1;AIFM1;ATP6V1E1;PDHX;VDAC2;OXA1L;VDAC1;IDH2;OAT;VDAC3;MRPL11;ISCA1,CYC1;COX6A1;MRPS30;SURF1;UQCRB;NDUFB5;NDUFB8;UQCR10;NDUFB3;HTRA2;NDUFB4;MGST3;NDUFA8;COX5A;UQCRQ;NDUFC2;DECR1;UQCRH;COX5B;TIMM50;COX4I1;ATP1B1;ACADSB;ATP5ME;SLC25A12;NDUFV2;ATP5F1A;PDP1;HSD17B10;NDUFA2;DLD;FH;NDUFS8;CYB5A;NDUFA4;ATP5F1D;NDUFB1;ATP6V1D;NDUFS6;ATP5F1C
Estrogen Response Early,-0.29195713394829187,-1.1300589383866442,0.2229038854805726,0.7659981591822894,200,94,CALB2;OLFML3;CD44;ABAT;MUC1;CLDN7;ITPK1;FKBP4;PRSS23;NXT1;SLC27A2;GLA;PGR;IGF1R;BAG1;NAV2;PODXL;ISG20L2;SLC9A3R1;AR;CELSR1;FARP1;MINDY1;MYOF;MYBBP1A;SLC2A1;TBC1D30;KDM4B;CA12;MAPT;FLNB;CXCL12;MED13L;TTC39A;DEPTOR;ARL3;MLPH;RRP12;DYNLT3;DHRS3;ALDH3B1;HSPB8;ENDOD1;FRK;AKAP1;WFS1;SLC16A1;CANT1;ADD3;SVIL;GREB1;ZNF185;MED24;INPP5F;TPD52L1;NCOR2;SEC14L2;FKBP5;KRT19;IGFBP4;PDLIM3;MPPED2;WWC1;FASN;NADSYN1;FHL2;BLVRB;PPIF;SCARB1;ELF1;PAPSS2;RARA;MAST4;ABLIM1;KRT13;SLC26A2;CELSR2;GAB2;THSD4;DHCR7;ESRP2;CLIC3;B4GALT1;TGM2;GJA1;LRIG1;TJP3;TPBG;KRT8;FDFT1;KRT18;TFF3;LAD1;SFN,KRT13;SLC26A2;CELSR2;GAB2;THSD4;DHCR7;ESRP2;CLIC3;B4GALT1;TGM2;GJA1;LRIG1;TJP3;TPBG;KRT8;FDFT1;KRT18;TFF3;LAD1;SFN
Xenobiotic Metabolism,-0.2644742114133323,-1.0361104663383793,0.3665254237288136,0.7667005764665988,200,115,RBP4;ENTPD5;ALDH3A1;FBLN1;XDH;MAN1A1;NDRG2;ESR1;PSMB10;PGRMC1;PTGR1;APOE;VNN1;CA2;PDLIM5;DCXR;ADH5;CROT;CYB5A;ACP1;JUP;CYP27A1;FAH;KYNU;NFS1;DHRS1;PROS1;FETUB;PTS;ECH1;CAT;CYFIP2;UGDH;ACO2;RETSAT;ABCC3;POR;LONP1;GSTM4;HPRT1;SSR3;GCLC;GART;PLG;NPC1;UPP1;PC;FBP1;ADH1C;CDA;HMOX1;GSR;ACOX1;MTHFD1;PMM1;ITIH1;DHRS7;ACP2;LPIN2;NQO1;TKFC;NMT1;F10;AP4B1;ARPP19;SLC12A4;CBR1;ETFDH;ENPEP;ALDH9A1;VTN;GSTO1;MAOA;EPHX1;DDT;SERPINA6;ATP2A2;DHPS;ALDH2;IGFBP4;F11;CFB;CNDP2;BLVRB;FAS;PGD;BCAR1;TGFB2;PAPSS2;PTGES3;CASP6;BPHL;HRG;ACOX3;SHMT2;SAR1B;BCAT1;HGFAC;IDH1;ITIH4;AKR1C3;CRP;GSS;AHCY;DDAH2;PYCR1;COMT;HACL1;LCAT;ASL;PTGDS;MCCC2;RAP1GAP;CES1;SLC1A5,HGFAC;IDH1;ITIH4;AKR1C3;CRP;GSS;AHCY;DDAH2;PYCR1;COMT;HACL1;LCAT;ASL;PTGDS;MCCC2;RAP1GAP;CES1;SLC1A5
TGF-beta Signaling,0.3103145890105426,0.9333043842285643,0.5439672801635992,0.7960030361055047,54,28,UBE2D3;RHOA;FKBP1A;JUNB;SMAD3;TGFB1;CDK9;FNTA;PPM1A;LEFTY2;LTBP2;TRIM33;SPTBN1;MAP3K7;HDAC1;CTNNB1;XIAP;NCOR2;WWTR1;PPP1CA;THBS1;ARID4B;TJP1;CDH1;SMURF2;APC;BCAR3;ENG,UBE2D3;RHOA;FKBP1A;JUNB;SMAD3
Apical Surface,-0.3546025055583976,-0.9891038594559624,0.4613778705636743,0.7980932258653519,44,20,ATP8B1;LYN;PLAUR;CRYBG1;CROCC;GSTM3;HSPB1;EPHB4;ADAM10;SRPX;AKAP7;SHROOM2;NCOA6;THY1;APP;SULF2;B4GALT1;FLOT2;DCBLD2;AFAP1L2,SULF2;B4GALT1;FLOT2;DCBLD2;AFAP1L2
IL-2/STAT5 Signaling,-0.29554323068246097,-1.0929991508466408,0.28709055876685935,0.8037152424550695,199,88,CD44;MUC1;CDC42SE2;ALCAM;BCL2L1;PLIN2;AMACR;EEF1AKMT1;NDRG1;NCS1;IGF1R;CA2;GLIPR2;LCLAT1;CTSZ;SERPINB6;ITIH5;CASP3;ANXA4;SNX9;AHR;FAH;CAPG;PUS1;RABGAP1L;IRF6;HUWE1;MYO1C;SYNGR2;ENPP1;SWAP70;CYFIP1;AHNAK;CD81;GUCY1B1;COL6A1;UMPS;NOP2;GBP4;DHRS3;ECM1;FAM126B;SPRY4;MAPKAPK2;GPX4;FGL2;RNH1;SPP1;MYO1E;GALM;GSTO1;HK2;CDCP1;PDCD2L;P4HA1;HOPX;RHOB;SERPINC1;IGF2R;TNFSF10;PNP;PRAF2;WLS;DCPS;PTRH2;TTC39B;POU2F1;NRP1;PLSCR1;UCK2;SH3BGRL2;ITGAV;PLEC;ITGA6;CKAP4;SLC2A3;AHCY;TWSG1;TGM2;SELP;P2RX4;NCOA3;LRIG1;PRNP;ENO3;NT5E;PHLDA1;SLC1A5,CKAP4;SLC2A3;AHCY;TWSG1;TGM2;SELP;P2RX4;NCOA3;LRIG1;PRNP;ENO3;NT5E;PHLDA1;SLC1A5
mTORC1 Signaling,-0.23338678448139719,-0.9675395810187045,0.5307377049180327,0.8089606646320787,200,150,CTSC;UBE2D3;IFI30;IGFBP5;TCEA1;UFM1;DHFR;TUBA4A;TES;PSMB5;GLA;PHGDH;ALDOA;EIF2S2;GAPDH;ERO1A;G6PD;PSMG1;SSR1;AK4;FKBP2;HSPE1;ACTR2;SDF2L1;PFKL;ATP6V1D;PDAP1;HSP90B1;SLC9A3R1;HMBS;HSPA5;TFRC;DAPP1;GLRX;RIT1;PNO1;PSMD12;HSPA4;MAP2K3;NAMPT;PSMC6;PLOD2;PSMD14;M6PR;PSMC4;IMMT;SLC2A1;YKT6;SERPINH1;SQSTM1;STIP1;PSAT1;GPI;TM7SF2;GTF2H1;FDXR;LDHA;ACTR3;ABCF2;PSMD13;PDK1;MCM2;ITGB2;CACYBP;RPN1;HPRT1;PSMC2;STC1;GCLC;PPIA;RAB1A;PRDX1;EEF1E1;RPA1;TPI1;ETF1;RRM2;PGK1;UNG;GSR;TBK1;SKAP2;TOMM40;CALR;MCM4;CFP;USO1;ARPC5L;NUP205;NMT1;GGA2;FGL2;LTA4H;PSMA3;ACLY;CCT6A;CTH;CANX;ADD3;HK2;HSPD1;PGM1;P4HA1;CD9;GMPS;NFYC;TXNRD1;PSMA4;SORD;LGMN;CORO1A;ATP2A2;PITPNB;PNP;GBE1;IDI1;PSPH;HSPA9;ACSL3;HMGCS1;MTHFD2;SQLE;COPS5;TUBG1;RDH11;RRP9;DDX39A;QDPR;NFKBIB;SHMT2;BCAT1;GOT1;ACACA;PPA1;SEC11A;UCHL5;GSK3B;ME1;IDH1;SLC2A3;ENO1;DHCR7;ASNS;CYB5B;PSME3;CYP51A1;HMGCR;VLDLR;FADS2;SLC1A5,NFKBIB;SHMT2;BCAT1;GOT1;ACACA;PPA1;SEC11A;UCHL5;GSK3B;ME1;IDH1;SLC2A3;ENO1;DHCR7;ASNS;CYB5B;PSME3;CYP51A1;HMGCR;VLDLR;FADS2;SLC1A5
TNF-alpha Signaling via NF-kB,0.26083000164740905,0.9069096485873241,0.620253164556962,0.8276794493608652,200,61,CD44;PLAU;SOD2;TNC;F3;TUBB2A;VEGFA;PLAUR;JUNB;PDLIM5;TSC22D1;SMAD3;REL;MARCKS;KYNU;ATP2B1;MAP2K3;NAMPT;STAT5A;TAP1;BCL3;TNIP2;SQSTM1;NFKBIA;NFKBIE;EIF1;TNIP1;NFAT5;BIRC2;RELA;SERPINB8;TNFAIP2;NFKB1;ZBTB10;TRIP10;PLPP3;RHOB;IFIT2;NFKB2;TNFAIP8;PTPRE;ICAM1;DDX58;IFIH1;LAMB3;RIPK2;FOSL2;CEBPB;TNFAIP3;EHD1;SDC4;IL18;PFKFB3;TANK;PLEK;SLC2A3;B4GALT1;RELB;DNAJB4;PHLDA1;JAG1,CD44;PLAU;SOD2;TNC;F3;TUBB2A;VEGFA;PLAUR;JUNB;PDLIM5;TSC22D1;SMAD3
UV Response Up,0.23190862551294453,0.8661546806858574,0.7185741088180112,0.8542132236822503,158,93,HLA-F;SOD2;BAK1;FKBP4;BID;HSPA2;TUBA4A;HNRNPU;ALDOA;CA2;LYN;BSG;JUNB;PSMC3;DNAJA1;SULT1A1;PDAP1;CASP3;STARD3;IGFBP2;TFRC;RRAD;FEN1;GPX3;COL2A1;TAP1;CLTB;MGAT1;YKT6;NUP58;SQSTM1;STIP1;RXRB;CDK2;NXF1;CNP;PRKCD;NFKBIA;RPN1;CREG1;ATP6V1C1;RFC4;C4BPB;PRPF3;HSPA13;PRKACA;RAB27A;HMOX1;TGFBRAP1;CDC5L;EIF2S3;GGH;POLE3;ACAA1;MARK2;PPT1;EIF5;MAOA;STK25;EPHX1;ATP6V1F;ARRB2;GRPEL1;RHOB;SLC25A4;CTSV;ICAM1;APOM;PPP1R2;PDLIM3;WIZ;AP2S1;PPIF;CYB5R1;UROD;DNAJB1;POLR2H;NAT1;MSX1;GLS;DDX21;MMP14;PPAT;AGO2;EPCAM;ASNS;SPR;MRPL23;SELENOW;CYB5B;TST;ENO2;CHKA,HLA-F;SOD2;BAK1;FKBP4;BID;HSPA2;TUBA4A;HNRNPU;ALDOA;CA2;LYN;BSG;JUNB;PSMC3;DNAJA1;SULT1A1;PDAP1;CASP3;STARD3;IGFBP2;TFRC;RRAD
Adipogenesis,-0.24348044887198364,-0.9913176632852804,0.47708333333333336,0.8569854187860292,200,145,LAMA4;OMD;CYC1;SOD1;COX6A1;FABP4;CRAT;PLIN2;UQCR10;ENPP2;MGST3;APOE;COQ9;MYLK;EPHX2;UQCRQ;ORM1;DECR1;ALDOA;YWHAG;DLD;PFKL;SULT1A1;ITIH5;CAVIN2;ATL2;RETN;COX7B;FAH;GPX3;IDH3G;STAT5A;IDH3A;HIBCH;MAP4K3;ETFB;CDKN2C;IMMT;ECH1;CAT;STOM;ATP5PO;UQCRC1;PHYH;CS;GPD2;LPCAT3;PDCD4;ACO2;RETSAT;G3BP2;PREB;CPT2;POR;C3;SAMM50;HADH;COQ3;CHUK;DNAJB9;COQ5;GPHN;NDUFS3;MDH2;MRPL15;AK2;PPM1B;RREB1;SOWAHC;SLC27A1;ACOX1;ARAF;COX8A;SDHB;HSPB8;TALDO1;DHRS7;ACADS;ITSN1;MTCH2;UBQLN1;CMPK1;GPX4;CAVIN1;NMT1;NDUFAB1;DBT;RAB34;AGPAT3;NDUFA5;DLAT;RTN3;ACLY;RIOK3;CD151;ACADM;ITGA7;RMDN3;ESYT1;PGM1;GRPEL1;PHLDB1;DDT;MCCC1;BCKDHA;GBE1;NDUFB7;BAZ2A;SQOR;ALDH2;APLP2;COL4A1;ATP1B3;SCARB1;ADCY6;QDPR;SNCG;ACAA2;COL15A1;PEX14;CMBL;SORBS1;SLC25A1;BCL2L13;SUCLG1;PFKFB3;SCP2;ME1;ECHS1;TANK;IDH1;PRDX3;PTCD3;TKT;DHCR7;SPARCL1;AIFM1;MGLL;DHRS7B;REEP5;SLC25A10;TST;ADIPOQ;ABCB8;SLC1A5,SNCG;ACAA2;COL15A1;PEX14;CMBL;SORBS1;SLC25A1;BCL2L13;SUCLG1;PFKFB3;SCP2;ME1;ECHS1;TANK;IDH1;PRDX3;PTCD3;TKT;DHCR7;SPARCL1;AIFM1;MGLL;DHRS7B;REEP5;SLC25A10;TST;ADIPOQ;ABCB8;SLC1A5
Apoptosis,0.2354144146681026,0.8780265151011735,0.724609375,0.8647594075322688,161,95,CD44;ANXA1;SOD2;SOD1;BCL2L1;ISG20;BID;PLCB2;TIMP2;DIABLO;HMGB2;PTK2;DNAJA1;CASP3;PAK1;TIMP1;GPX3;DAP3;F2;TAP1;WEE1;DCN;SQSTM1;MMP2;PDCD4;RETSAT;CDK2;LEF1;FDXR;GPX1;PPP3R1;TSPO;RNASEL;DFFA;HSPB1;CASP8;CASP9;ETF1;DAP;DNM1L;HMOX1;GSR;SPTAN1;BGN;CLU;ADD1;GSTM1;RELA;LMNA;GPX4;TOP2A;PDGFRB;CASP1;GSN;CREBBP;ROCK1;LGALS3;CDKN1B;PPT1;CASP4;TIMP3;CTH;CTNNB1;RHOT2;BCAP31;XIAP;RHOB;PEA15;IGF2R;PLAT;TNFSF10;BAX;MADD;FAS;APP;TGFB2;MGMT;ERBB2;CASP6;CAV1;RARA;DPYD;CASP7;LUM;IL18;CYLD;TXNIP;DNAJC3;CASP2;VDAC2;PPP2R5B;BCL10;CD14;ENO2;KRT18,CD44;ANXA1;SOD2;SOD1;BCL2L1;ISG20;BID;PLCB2;TIMP2
Inflammatory Response,-0.2740580079119789,-0.9289294007195802,0.5612648221343873,0.8704136995591727,200,48,GNAI3;CD82;F3;PVR;LYN;PLAUR;TLR3;EIF2AK2;TIMP1;AHR;BST2;ATP2B1;SLC11A2;NAMPT;MET;ITGB8;RAF1;NFKBIA;ABI1;KIF1B;ITGA5;RELA;RHOG;SRI;CD55;NMI;NFKB1;ATP2C1;ADRM1;SELENOS;ATP2A2;TNFSF10;CYBB;PCDH7;PTPRE;ICAM1;RIPK2;MMP14;STAB1;SEMA4D;IL18;TAPBP;ITGB3;P2RX4;CD14;TPBG;DCBLD2;LCP2,MMP14;STAB1;SEMA4D;IL18;TAPBP;ITGB3;P2RX4;CD14;TPBG;DCBLD2;LCP2
Angiogenesis,-0.2951285120425947,-0.8638512275055724,0.6272189349112426,0.8939235522399307,36,25,VCAN;POSTN;COL3A1;VEGFA;LRPAP1;PTK2;APOH;TIMP1;S100A4;VAV2;STC1;SPP1;VTN;FGFR1;PGLYRP1;APP;NRP1;FSTL1;MSX1;ITGAV;LUM;SERPINA5;COL5A2;JAG1;SLCO2A1,APP;NRP1;FSTL1;MSX1;ITGAV;LUM;SERPINA5;COL5A2;JAG1;SLCO2A1
UV Response Dn,-0.22189180063400185,-0.8400344420657679,0.7880085653104925,0.9006665952776142,144,90,IGFBP5;EFEMP1;F3;COL1A1;MAP1B;COL3A1;PLCB4;COL1A2;FBLN5;IGF1R;PDLIM5;SMAD3;KCNMA1;ADGRL2;PIK3CD;NOTCH2;ICA1;ANXA4;RND3;YTHDC1;ATP2B1;LTBP1;MET;SYNJ2;MAP2K5;NIPBL;BCKDHB;PHF3;DYRK1A;RXRA;VAV2;AKT3;DLG1;PRKCA;LAMC1;RASA2;CDK13;ANXA2;SRI;CAP2;PDGFRB;ATXN1;DDAH1;NFKB1;NFIB;KALRN;ATP2C1;CDKN1B;MAPK14;MIOS;SYNE1;ATP2B4;ADD3;AMPH;PLPP3;DAB2;APBB2;INPP4B;IRS1;CDC42BPA;ATRN;MTA1;ATRX;SCAF8;FHL2;MRPS31;PRKAR2B;PRDM2;TJP1;NRP1;MGMT;ERBB2;CAV1;ZMIZ1;PTPRM;PEX14;WDR37;NR3C1;CELF2;AGGF1;PTEN;RBPMS;NEK7;ABCC1;MGLL;ITGB3;GJA1;SIPA1L1;COL5A2;VLDLR,MTA1;ATRX;SCAF8;FHL2;MRPS31;PRKAR2B;PRDM2;TJP1;NRP1;MGMT;ERBB2;CAV1;ZMIZ1;PTPRM;PEX14;WDR37;NR3C1;CELF2;AGGF1;PTEN;RBPMS;NEK7;ABCC1;MGLL;ITGB3;GJA1;SIPA1L1;COL5A2;VLDLR
Mitotic Spindle,0.20035456608249494,0.8144053118224956,0.8757396449704142,0.9261432459777978,199,159,VCL;FSCN1;ARFGEF1;KATNA1;WASF1;RAPGEF6;CDC42EP2;TUBA4A;MYH9;KIF4A;TUBGCP5;ACTN4;TSC1;CDC42EP1;PDLIM5;ARF6;NOTCH2;MYO9B;KIF23;TLK1;DYNC1H1;KATNB1;MARCKS;MAPRE1;ABR;DST;FARP1;CDK1;DLGAP5;NF1;EZR;STK38L;KNTC1;PALLD;WASF2;PCM1;ARHGDIA;KIF5B;FLNA;MAP1S;HDAC6;UXT;MID1;SMC1A;TUBGCP3;KLC1;ARL8A;ARHGAP27;CKAP5;FLNB;SMC4;TUBGCP6;AKAP13;ABI1;PREX1;CDC42;CLASP1;RFC1;DLG1;TBCD;KIF1B;KIF3B;CTTN;FGD4;ARHGEF3;DOCK4;CDC42EP4;RASA2;RACGAP1;SYNPO;CD2AP;SPTAN1;ATG4B;SMC3;CEP250;NUMA1;RABGAP1;DYNLL2;ARHGAP5;DOCK2;CEP192;SPTBN1;ITSN1;TUBGCP2;YWHAE;RAB3GAP1;ARHGEF7;RICTOR;TRIO;ARHGEF2;KIF11;PCNT;TOP2A;HOOK3;ARHGAP4;GSN;ARAP3;EPB41;MYO1E;ROCK1;NCK1;KIF2C;CDC27;CAPZB;KIF15;RHOT2;PXN;PKD2;CLIP1;CEP57;ABL1;OPHN1;PAFAH1B1;ARFIP2;LLGL1;WASL;ARHGEF12;ECT2;PPP4R2;TPX2;MYH10;ALS2;RASA1;RASAL2;SOS1;CEP131;CLIP2;RANBP9;SHROOM2;SUN2;LMNB1;CDC42BPA;CYTH2;ARHGAP29;KIFAP3;EPB41L2;SORBS2;CNTROB;NCK2;BCAR1;STAU1;ARHGEF11;GEMIN4;CCDC88A;RALBP1;ANLN;ALMS1;LRPPRC;LATS1;CDK5RAP2;BCR;APC;NDC80;CSNK1D;CNTRL;ARHGAP10;BIN1;TAOK2;PCGF5,VCL;FSCN1;ARFGEF1;KATNA1;WASF1;RAPGEF6;CDC42EP2;TUBA4A;MYH9;KIF4A;TUBGCP5;ACTN4;TSC1;CDC42EP1;PDLIM5;ARF6;NOTCH2;MYO9B;KIF23;TLK1;DYNC1H1;KATNB1
heme Metabolism,-0.22130372632412973,-0.8695980303907668,0.7665952890792291,0.932135519518082,200,114,RBM5;TCEA1;LAMP2;SELENBP1;HTRA2;MGST3;GLRX5;CA1;CA2;BSG;ARL2BP;CIR1;SLC30A1;FBXO7;RNF123;ABCB6;HMBS;SDCBP;PICALM;HAGH;TFRC;GAPVD1;MAP2K3;SLC11A2;BLVRA;HTATIP2;KHNYN;CLCN3;XPO7;FN3K;CAT;SLC2A1;ALDH6A1;TOP1;ALAD;C3;CCDC28A;BCAM;ANK1;PRDX2;UBAC1;SPTA1;DCUN1D1;GCLC;SPTB;P4HA2;BMP2K;OSBP2;BPGM;PC;FOXO3;DAAM1;HBD;ENDOD1;MARK3;KLF3;PPOX;ADD1;LPIN2;ALDH1L1;UROS;RCL1;MPP1;EPB41;RIOK3;FOXJ2;MKRN1;PSMD9;USP15;CDC27;ATP6V0A1;SLC4A1;HEBP1;HBB;RANBP10;GMPS;PGLS;NCOA4;ARHGEF12;NUDT4;EPB42;FECH;BACH1;DCAF11;MINPP1;GYPC;TNS1;BLVRB;ADD2;SYNJ1;CPOX;TNRC6B;UROD;VEZF1;HDGF;AHSP;CAST;NR3C1;DMTN;NNT;NEK7;RAD23A;CTSB;CLIC2;ASNS;OPTN;GCLM;YPEL5;SNCA;PPP2R5B;IGSF3;ISCA1;NARF;RAP1GAP,ADD2;SYNJ1;CPOX;TNRC6B;UROD;VEZF1;HDGF;AHSP;CAST;NR3C1;DMTN;NNT;NEK7;RAD23A;CTSB;CLIC2;ASNS;OPTN;GCLM;YPEL5;SNCA;PPP2R5B;IGSF3;ISCA1;NARF;RAP1GAP
Interferon Gamma Response,-0.22549952827922692,-0.8894478987207891,0.7006507592190889,0.9334520176330959,200,117,IFI30;SAMD9L;SOD2;ISG20;ISOC1;RAPGEF6;PSMB10;PLA2G4A;IRF9;SERPING1;PSMB2;B2M;RNF31;HLA-DMA;PSMB9;HLA-B;LAP3;PTPN2;C1S;STAT1;IFIT3;STAT3;EIF2AK2;CASP3;PSMA2;PFKP;BST2;SP110;PSME2;NAMPT;DDX60;TAP1;MYD88;UBE2L6;PTPN6;CMTR1;IRF2;TRIM21;CFH;SAMHD1;ADAR;NFKBIA;TRAFD1;CASP8;NUP93;MVP;PSMB8;GBP4;CD74;RIPK1;BPGM;UPP1;ARID5B;FCGR1A;IFIT1;PML;ZNFX1;SRI;TNFAIP2;LGALS3BP;FGL2;NMI;PSMA3;CASP1;HLA-DRB1;NFKB1;RBCK1;CMPK2;OGFR;CASP4;GZMA;PARP12;RNF213;IFIT2;LYSMD2;TRIM25;C1R;TNFSF10;PNP;STAT2;PTPN1;ICAM1;DDX58;PSME1;IFIH1;CFB;RIPK2;MTHFD2;PNPT1;EIF4E3;FAS;TDRD7;HELZ2;PLSCR1;DHX58;MX2;SPPL2A;TNFAIP3;CASP7;VCAM1;HLA-A;VAMP8;TXNIP;IFI35;TAPBP;PARP14;IDO1;TOR1B;MX1;SELP;NCOA3;OAS2;ISG15;OAS3;LCP2;XAF1;TRIM26,VCAM1;HLA-A;VAMP8;TXNIP;IFI35;TAPBP;PARP14;IDO1;TOR1B;MX1;SELP;NCOA3;OAS2;ISG15;OAS3;LCP2;XAF1;TRIM26
DNA Repair,0.1747256524698423,0.6744312294980577,0.980276134122288,0.966937069813176,150,111,SURF1;POLB;RRM2B;ITPA;POLR1D;SSRP1;STX3;RFC3;NFX1;POLR2D;AK3;NELFCD;CLP1;ERCC4;NT5C3A;VPS37B;BOLA2;ELOA;POLR2E;SDCBP;NME1;SRSF6;RNMT;FEN1;RAE1;TAF6;ERCC3;RFC2;DDB2;CETN2;NELFE;SUPT5H;POLR3C;DDB1;GTF2H1;TK2;MPG;BCAM;LIG1;UMPS;NUDT9;HPRT1;POLD1;AK1;NUDT21;APRT;RFC4;AAAS;IMPDH2;ERCC2;RFC5;GUK1;CDA;EDF1;DCTN4;NELFB;GSDME;HCLS1;GPX4;ERCC5;GTF2B;VPS28;GTF3C5;TSG101;ADRM1;CMPK2;DUT;USP11;CANT1;NT5C;POLA1;POLR2I;ALYREF;BCAP31;RALA;POLR1C;PNP;DGUOK;CSTF3;SF3A3;ERCC1;POLR2A;POLR2C;POLR2K;XPC;UPF3B;NCBP2;DGCR8;SMAD5;POLD3;ADCY6;ELL;TARBP2;POLR2H;MRPL40;RBX1;RPA2;COX17;ADA;GTF2F1;PCNA;NME3;GMPR2;POLR2G;POLD4;SNAPC4;RPA3;SEC61A1;PRIM1;TMED2;POLR2J,SURF1;POLB;RRM2B;ITPA;POLR1D;SSRP1;STX3;RFC3;NFX1;POLR2D;AK3;NELFCD;CLP1;ERCC4;NT5C3A;VPS37B;BOLA2;ELOA;POLR2E;SDCBP;NME1;SRSF6;RNMT;FEN1;RAE1;TAF6;ERCC3;RFC2;DDB2
Interferon Alpha Response,-0.17943220739756274,-0.6442240084958426,0.9785407725321889,0.9802475415395049,97,66,IFI30;SAMD9L;ISG20;IRF9;B2M;RNF31;PSMB9;LAP3;C1S;IFIT3;EIF2AK2;BST2;SP110;HLA-C;PSME2;DDX60;TAP1;UBE2L6;PROCR;CMTR1;CNP;IRF2;TRIM21;ADAR;GBP2;TRAFD1;CASP8;SAMD9;NCOA7;PSMB8;GBP4;MOV10;CD74;OAS1;NUB1;LGALS3BP;NMI;PSMA3;CASP1;MVB12A;CMPK2;OGFR;PARP9;PARP12;IFIT2;TRIM25;STAT2;UBA7;PSME1;IFIH1;RIPK2;PNPT1;TDRD7;ELF1;HELZ2;PLSCR1;CD47;TRIM5;DHX58;TXNIP;IFI35;PARP14;MX1;GMPR;ISG15;TRIM26,TDRD7;ELF1;HELZ2;PLSCR1;CD47;TRIM5;DHX58;TXNIP;IFI35;PARP14;MX1;GMPR;ISG15;TRIM26
PI3K/AKT/mTOR  Signaling,0.19127546133535492,0.6960866020675144,0.9681274900398407,0.9914683710258931,105,75,ECSIT;UBE2D3;RALB;AKT1;PPP2R1B;CSNK2B;RAC1;PLCB1;ACTR2;AP2M1;HSP90B1;DAPP1;RIT1;GRK2;MAP2K3;CDK1;PRKAG1;AKT1S1;MYD88;ARHGDIA;PAK4;SLC2A1;CFL1;SQSTM1;CDK2;CDK4;RAF1;IRAK4;ATF1;RPTOR;EGFR;GRB2;ACTR3;MAPK9;PDK1;PLCG1;CLTC;UBE2N;MAP2K6;TSC2;RIPK1;ARPC3;MAPK8;PRKAA2;TBK1;RPS6KA1;CALR;SMAD2;MAP3K7;PIKFYVE;EIF4E;PRKCB;PTPN11;CDKN1B;NCK1;MAPK1;RPS6KA3;PIN1;CAB39;STAT2;YWHAB;PPP1CA;TRAF2;ITPR2;PRKAR2A;MAPKAP1;NFKBIB;ACACA;GSK3B;PLA2G12A;PTEN;PFN1;DUSP3;CAB39L;SFN,ECSIT;UBE2D3;RALB;AKT1;PPP2R1B;CSNK2B;RAC1;PLCB1
Myc Targets V2,-0.205598213270443,-0.6967419553394061,0.9181636726546906,1.0,58,49,NOC4L;IPO4;GRWD1;HSPE1;UTP20;GNL3;WDR74;MPHOSPH10;TCOF1;AIMP2;SRM;PUS1;TFB2M;MYBBP1A;FARSA;DDX18;CDK4;NOP2;RRP12;WDR43;UNG;MCM4;IMP4;NPM1;LAS1L;PES1;RCL1;NOP16;PHB;HK2;HSPD1;SORD;NIP7;PA2G4;SUPV3L1;NOP56;RABEPK;MCM5;CBX3;MAP3K6;RRP9;MRTO4;PRMT3;NOLC1;DCTPP1;TBRG4;NDUFAF4;BYSL;EXOSC5,NOLC1;DCTPP1;TBRG4;NDUFAF4;BYSL;EXOSC5
G2-M Checkpoint,0.18406857034217752,0.7150118460373425,0.9743589743589743,1.0,200,122,SNRPD1;EWSR1;HMGA1;UBE2C;KATNA1;MNAT1;STAG1;KIF4A;HNRNPU;CUL4A;CHMP1A;NUP98;SMAD3;CUL1;NOTCH2;TGFB1;KIF23;RAD23B;TNPO2;RPS6KA5;MARCKS;KPNB1;YTHDC1;PRPF4B;RBM14;CDK1;HSPA8;PRMT5;BCL3;DMD;CDKN2C;PBK;PDS5B;KIF5B;SRSF1;SRSF10;CDK4;CCNT1;TOP1;SMC1A;SFPQ;MEIS1;SAP30;SMC4;LBR;HMGB3;RAD21;MCM2;XPO1;SMARCC1;HNRNPD;NUP50;ORC5;DR1;CUL5;PURA;HIRA;MAD2L1;ARID4A;RACGAP1;TLE3;NUMA1;PML;DKC1;CTCF;GSPT1;KIF11;ILF3;TOP2A;ODF2;HUS1;CDKN1B;NCL;KIF2C;CDC27;CBX1;MAPK14;DTYMK;MCM3;MCM6;KIF15;SRSF2;G3BP1;TMPO;HMGN2;LIG3;NASP;UPF1;ABL1;PAFAH1B1;SYNCRIP;TPX2;WRN;NSD2;TFDP1;RASAL2;MCM5;LMNB1;CUL3;STMN1;CCNA2;SQLE;ATRX;SMC2;BUB3;DDX39A;UCK2;RPA2;PRIM2;SS18;MAP3K20;TACC3;NDC80;TRA2B;CHAF1A;NOLC1;KPNA2;MKI67;EZH2;JPT1;E2F4;SLC12A2,SNRPD1;EWSR1;HMGA1;UBE2C;KATNA1;MNAT1;STAG1;KIF4A;HNRNPU;CUL4A;CHMP1A;NUP98;SMAD3;CUL1;NOTCH2;TGFB1;KIF23;RAD23B;TNPO2;RPS6KA5;MARCKS;KPNB1;YTHDC1;PRPF4B;RBM14;CDK1
E2F Targets,-0.17423005820311005,-0.7089554779099649,0.9877049180327869,1.0,200,135,USP1;HMGA1;DSCC1;PRDX4;SLBP;ORC2;STAG1;RAD1;KIF4A;SSRP1;ANP32E;RFC3;HMGB2;EXOSC8;PPP1R8;NME1;ZW10;TFRC;RAN;LYAR;GINS4;NCAPD2;ATAD2;CDK1;NUP153;RFC2;DLGAP5;PRKDC;WEE1;CNOT9;CDKN2C;PDS5B;SRSF1;EIF2S1;CDK4;PAN2;CSE1L;SMC1A;BUB1B;NUP107;DEK;SMC4;LBR;HMGB3;RAD21;RANBP1;MCM2;XPO1;LIG1;MSH2;MCM7;HNRNPD;POLD1;NUDT21;RFC1;CIT;SMC6;AK2;MAD2L1;RPA1;RRM2;PMS2;RACGAP1;ASF1A;UNG;SMC3;MCM4;NBN;CTCF;NUP205;TRIP13;RAD50;NAP1L1;GSPT1;ILF3;TOP2A;HUS1;PAICS;CDKN1B;KIF2C;DUT;RNASEH2A;MCM3;IPO7;MCM6;SRSF2;TMPO;NASP;MRE11;PSIP1;SYNCRIP;EED;PA2G4;MLH1;TUBB;PRPS1;NOP56;CTPS1;MCM5;BRMS1L;LMNB1;UBR7;STMN1;RBBP7;MTHFD2;PHF5A;XRCC6;TUBG1;POLD3;PNN;DDX39A;DCK;RPA2;POLD2;ING3;PRIM2;PCNA;TACC3;DNMT1;LUC7L3;TK1;TRA2B;RPA3;CHEK2;CBX5;NOLC1;DCTPP1;TBRG4;KPNA2;HELLS;POP7;MKI67;EZH2;SHMT1;JPT1,PCNA;TACC3;DNMT1;LUC7L3;TK1;TRA2B;RPA3;CHEK2;CBX5;NOLC1;DCTPP1;TBRG4;KPNA2;HELLS;POP7;MKI67;EZH2;SHMT1;JPT1
